{
    "ListOfOI": [
        {
            "ID": 0,
            "Position": [
                2.3167033195495607,
                -1.0168232917785645,
                -4.1424431800842289
            ],
            "Quaternion": [
                0.0,
                0.0,
                1.0,
                0.0
            ],
            "Scale": [
                1.0,
                1.0,
                1.0
            ],
            "objectsPrefab": 2,
            "childrenObjectsID": []
        }
    ]
}